,Ref_Allele_Count,Alt_Allele_Count,Coverage_Depth,0
0,14,115,129,0.8914728682170543
1,30,185,215,0.8604651162790697
2,88,119,207,0.5748792270531401
3,98,124,222,0.5585585585585585
4,95,194,289,0.671280276816609
5,0,0,1,0.0
6,118,54,172,0.313953488372093
7,132,49,181,0.27071823204419887
8,166,42,208,0.20192307692307693
9,126,100,226,0.4424778761061947
10,112,114,226,0.504424778761062
